hour,final_nav,final_xlm,sharpe,sortino,nav_max_drawdown,xlm_max_drawdown,breach_events,days_below_floor
0,205.96,60.45,0.426,0.587,-0.4098,-0.9044,0,0
1,145.96,60.68,0.299,0.391,-0.4184,-0.9087,0,0
2,202.01,59.25,0.409,0.585,-0.4253,-0.916,0,0
3,222.05,59.75,0.445,0.618,-0.427,-0.9066,0,0
4,203.9,60.66,0.409,0.573,-0.4216,-0.9013,0,0
5,182.09,60.14,0.376,0.513,-0.4257,-0.9065,0,0
6,181.78,60.35,0.376,0.491,-0.4275,-0.905,0,0
7,201.72,59.81,0.406,0.561,-0.428,-0.9054,0,0
8,202.37,59.66,0.41,0.57,-0.4199,-0.9089,0,0
9,200.26,59.04,0.407,0.57,-0.4102,-0.9068,0,0
10,238.98,58.98,0.481,0.647,-0.4118,-0.9095,0,0
11,199.66,59.14,0.411,0.563,-0.4105,-0.9074,0,0
12,175.73,58.85,0.368,0.485,-0.4248,-0.9054,0,0
13,175.95,58.43,0.366,0.476,-0.4243,-0.9043,0,0
14,175.99,58.2,0.363,0.5,-0.4286,-0.9067,0,0
15,214.37,58.79,0.442,0.595,-0.4246,-0.9047,0,0
16,196.94,59.05,0.401,0.563,-0.4254,-0.9035,0,0
17,197.13,59.61,0.404,0.561,-0.4216,-0.9011,0,0
18,197.12,60.46,0.403,0.543,-0.4215,-0.902,0,0
19,212.34,60.05,0.445,0.591,-0.4382,-0.8999,0,0
20,213.01,59.79,0.449,0.588,-0.4277,-0.9015,0,0
21,215.17,60.34,0.446,0.636,-0.4304,-0.9008,0,0
22,213.18,59.85,0.447,0.6,-0.4217,-0.8988,0,0
23,234.37,59.45,0.486,0.663,-0.4319,-0.9,0,0
